Episode,Score,Steps,Epsilon
1,0,73,0.9321643399992435
2,0,79,0.5351593481684964
3,0,79,0.3072371637090967
4,0,112,0.13989093686657605
5,10,1068,0.009970272148420516
